id;data_inversa;dia_semana;horario;uf;br;km;municipio;causa_acidente;tipo_acidente;classificacao_acidente;fase_dia
410918;05/08/2008;Terca;18:00:00;RJ;101;320.0;NITEROI;Falta de atencao;Colisao traseira;Sem Vitimas;Plena noite
411090;05/08/2008;Terca;13:20:00;RJ;101;334.0;RIO DE JANEIRO;Outras;Colisao lateral;Sem Vitimas;Pleno dia
411230;30/07/2008;Quarta;19:50:00;RJ;101;318.0;SAO GONCALO;Outras;Colisao lateral;Sem Vitimas;Plena noite
411250;08/08/2008;Sexta;08:30:00;RJ;101;325.0;NITEROI;Falta de atencao;Colisao traseira;Com Vitimas Feridas;Pleno dia
411422;10/08/2008;Domingo;12:30:00;RJ;101;323.0;NITEROI;Outras;Colisao traseira;Sem Vitimas;Pleno dia
411430;10/08/2008;Domingo;10:45:00;RJ;101;300.0;SAO GONCALO;Animais na Pista;Colisao traseira;Sem Vitimas;Pleno dia
411579;11/08/2008;Segunda;06:39:00;RJ;101;322.0;NITEROI;Outras;Colisao traseira;Sem Vitimas;Pleno dia
411678;09/08/2008;Sabado;05:20:00;RJ;101;325.0;NITEROI;Falta de atencao;Colisao traseira;Sem Vitimas;Plena noite
411758;11/08/2008;Segunda;07:00:00;RJ;101;309.5;SAO GONCALO;Outras;Capotamento;Sem Vitimas;Pleno dia
411778;07/08/2008;Quinta;10:45:00;RJ;101;325.0;NITEROI;Outras;Colisao traseira;Sem Vitimas;Pleno dia
411817;18/07/2008;Sexta;18:50:00;RJ;101;310.0;SAO GONCALO;Outras;Colisao traseira;Sem Vitimas;Anoitecer
411822;26/07/2008;Sabado;15:00:00;RJ;101;323.0;NITEROI;Outras;Colisao Transversal;Sem Vitimas;Pleno dia
411831;11/08/2008;Segunda;16:20:00;RJ;101;323.0;NITEROI;Outras;Colisao lateral;Sem Vitimas;Pleno dia
411898;28/07/2008;Segunda;09:00:00;RJ;101;325.0;NITEROI;Outras;Queda de motocicleta / bicicleta / veiculo;Com Vitimas Feridas;Pleno dia
411911;05/08/2008;Terca;07:50:00;RJ;101;320.0;NITEROI;Outras;Colisao lateral;Sem Vitimas;Pleno dia
411973;07/08/2008;Quinta;22:20:00;RJ;101;322.0;NITEROI;Outras;Colisao com objeto fixo;Sem Vitimas;Plena noite
412045;08/08/2008;Sexta;15:45:00;RJ;101;321.0;NITEROI;Falta de atencao;Colisao traseira;Sem Vitimas;Pleno dia
412516;09/08/2008;Sabado;07:45:00;RJ;101;322.0;NITEROI;Outras;Colisao com objeto fixo;Sem Vitimas;Pleno dia
412561;13/08/2008;Quarta;09:00:00;RJ;101;329.5;RIO DE JANEIRO;Outras;Colisao traseira;Sem Vitimas;Pleno dia
412692;13/08/2008;Quarta;17:15:00;RJ;101;324.0;NITEROI;Falta de atencao;Colisao traseira;Sem Vitimas;Anoitecer
412695;12/08/2008;Terca;21:00:00;RJ;101;321.0;NITEROI;Nao guardar distancia de seguranca;Colisao traseira;Sem Vitimas;Plena noite
412707;13/08/2008;Quarta;13:40:00;RJ;101;334.0;RIO DE JANEIRO;Outras;Colisao traseira;Sem Vitimas;Pleno dia
412713;13/08/2008;Quarta;07:10:00;RJ;101;322.0;NITEROI;Outras;Colisao traseira;Sem Vitimas;Pleno dia
412715;12/08/2008;Terca;07:20:00;RJ;101;321.0;NITEROI;Nao guardar distancia de seguranca;Colisao traseira;Sem Vitimas;Pleno dia
412733;13/08/2008;Quarta;18:50:00;RJ;101;327.0;RIO DE JANEIRO;Outras;Colisao traseira;Sem Vitimas;Plena noite
412985;02/08/2008;Sabado;20:15:00;RJ;101;314.0;SAO GONCALO;Outras;Colisao traseira;Sem Vitimas;Plena noite
413004;10/08/2008;Domingo;18:00:00;RJ;101;303.0;SAO GONCALO;Outras;Colisao traseira;Sem Vitimas;Plena noite
413075;14/08/2008;Quinta;14:25:00;RJ;101;323.0;NITEROI;Outras;Colisao traseira;Sem Vitimas;Pleno dia
413125;02/08/2008;Sabado;20:20:00;RJ;101;314.0;SAO GONCALO;Ingestao de alcool;Colisao com objeto fixo;Sem Vitimas;Plena noite
413139;10/08/2008;Domingo;17:00:00;RJ;101;305.8;SAO GONCALO;Outras;Colisao traseira;Sem Vitimas;Pleno dia
413157;10/08/2008;Domingo;18:00:00;RJ;101;303.0;SAO GONCALO;Outras;Colisao traseira;Sem Vitimas;Plena noite
413171;10/08/2008;Domingo;09:30:00;RJ;101;330.0;RIO DE JANEIRO;Outras;Colisao traseira;Sem Vitimas;Pleno dia
413228;14/08/2008;Quinta;20:47:00;RJ;101;331.0;RIO DE JANEIRO;Outras;Colisao traseira;Com Vitimas Feridas;Plena noite
413412;11/08/2008;Segunda;19:30:00;RJ;101;321.0;NITEROI;Outras;Colisao lateral;Sem Vitimas;Plena noite
413426;11/08/2008;Segunda;07:55:00;RJ;101;322.0;NITEROI;Outras;Colisao traseira;Sem Vitimas;Pleno dia
413487;03/08/2008;Domingo;19:10:00;RJ;101;314.0;SAO GONCALO;Outras;Colisao lateral;Com Vitimas Feridas;Plena noite
413527;15/08/2008;Sexta;17:45:00;RJ;101;318.0;NITEROI;Outras;Colisao traseira;Sem Vitimas;Anoitecer
413635;07/08/2008;Quinta;09:20:00;RJ;101;322.0;NITEROI;Nao guardar distancia de seguranca;Colisao traseira;Sem Vitimas;Pleno dia
413790;08/08/2008;Sexta;09:32:00;RJ;101;332.0;RIO DE JANEIRO;Falta de atencao;Colisao traseira;Sem Vitimas;Pleno dia
413811;10/08/2008;Domingo;23:20:00;RJ;101;323.0;NITEROI;Outras;Colisao lateral;Sem Vitimas;Plena noite
413873;12/08/2008;Terca;19:44:00;RJ;101;323.0;NITEROI;Falta de atencao;Colisao lateral;Sem Vitimas;Plena noite
413882;12/08/2008;Terca;22:45:00;RJ;101;322.0;NITEROI;Outras;Colisao com objeto movel;Sem Vitimas;Plena noite
413915;16/08/2008;Sabado;19:20:00;RJ;101;313.0;SAO GONCALO;Falta de atencao;Atropelamento de pessoa;Com Vitimas Feridas;Plena noite
413929;12/08/2008;Terca;16:15:00;RJ;101;325.0;NITEROI;Falta de atencao;Colisao traseira;Com Vitimas Feridas;Pleno dia
414410;14/08/2008;Quinta;07:30:00;RJ;101;313.0;SAO GONCALO;Outras;Colisao lateral;Sem Vitimas;Pleno dia
414426;14/08/2008;Quinta;20:30:00;RJ;101;314.0;SAO GONCALO;Outras;Colisao traseira;Sem Vitimas;Plena noite
414556;18/08/2008;Segunda;13:45:00;RJ;101;312.0;SAO GONCALO;Outras;Saida de Pista;Com Vitimas Feridas;Pleno dia
414596;17/08/2008;Domingo;19:30:00;RJ;101;307.0;SAO GONCALO;Outras;Colisao lateral;Sem Vitimas;Plena noite
414635;18/08/2008;Segunda;06:30:00;RJ;101;320.0;NITEROI;Outras;Colisao traseira;Sem Vitimas;Pleno dia
414682;10/08/2008;Domingo;07:20:00;RJ;101;311.0;SAO GONCALO;Outras;Tombamento;Com Vitimas Feridas;Pleno dia
414733;18/08/2008;Segunda;16:30:00;RJ;101;322.0;NITEROI;Outras;Colisao traseira;Sem Vitimas;Pleno dia
414924;15/08/2008;Sexta;07:00:00;RJ;101;319.5;SAO GONCALO;Falta de atencao;Colisao traseira;Sem Vitimas;Pleno dia
414963;15/08/2008;Sexta;22:00:00;RJ;101;324.0;NITEROI;Outras;Colisao lateral;Sem Vitimas;Plena noite
415000;19/08/2008;Terca;11:10:00;RJ;101;328.0;RIO DE JANEIRO;Outras;Colisao traseira;Sem Vitimas;Pleno dia
415034;16/08/2008;Sabado;15:50:00;RJ;101;323.0;NITEROI;Falta de atencao;Colisao traseira;Sem Vitimas;Pleno dia
415061;15/08/2008;Sexta;16:40:00;RJ;101;328.0;RIO DE JANEIRO;Outras;Colisao traseira;Sem Vitimas;Pleno dia
415075;15/08/2008;Sexta;21:30:00;RJ;101;322.0;NITEROI;Ingestao de alcool;Colisao traseira;Sem Vitimas;Plena noite
415294;17/08/2008;Domingo;19:45:00;RJ;101;314.2;SAO GONCALO;Outras;Colisao com bicicleta;Com Vitimas Feridas;Plena noite
415321;08/08/2008;Sexta;21:00:00;RJ;101;319.0;NITEROI;Defeito mecanico em veiculo;Colisao traseira;Sem Vitimas;Plena noite
415431;20/08/2008;Quarta;14:45:00;RJ;101;313.0;SAO GONCALO;Outras;Danos Eventuais;Sem Vitimas;Pleno dia
415440;20/08/2008;Quarta;19:45:00;RJ;101;321.0;NITEROI;Outras;Colisao traseira;Sem Vitimas;Plena noite
415688;21/08/2008;Quinta;06:45:00;RJ;101;326.0;NITEROI;Outras;Colisao traseira;Sem Vitimas;Pleno dia
415724;21/08/2008;Quinta;12:15:00;RJ;101;304.0;SAO GONCALO;Outras;Colisao traseira;Sem Vitimas;Pleno dia
415786;21/08/2008;Quinta;16:40:00;RJ;101;322.5;NITEROI;Outras;Colisao traseira;Sem Vitimas;Pleno dia
415804;21/08/2008;Quinta;13:45:00;RJ;101;329.0;NITEROI;Falta de atencao;Colisao traseira;Sem Vitimas;Pleno dia
415935;19/08/2008;Terca;05:46:00;RJ;101;332.9;RIO DE JANEIRO;Outras;Colisao traseira;Com Vitimas Feridas;Amanhecer
416016;14/08/2008;Quinta;13:45:00;RJ;101;309.0;SAO GONCALO;Outras;Colisao traseira;Sem Vitimas;Pleno dia
416126;22/08/2008;Sexta;12:30:00;RJ;101;323.0;NITEROI;Outras;Colisao traseira;Sem Vitimas;Pleno dia
416149;22/08/2008;Sexta;16:45:00;RJ;101;320.0;NITEROI;Outras;Colisao traseira;Sem Vitimas;Pleno dia
416170;22/08/2008;Sexta;17:25:00;RJ;101;333.8;RIO DE JANEIRO;Falta de atencao;Colisao traseira;Sem Vitimas;Anoitecer
416198;22/08/2008;Sexta;19:00:00;RJ;101;334.0;RIO DE JANEIRO;Outras;Colisao traseira;Sem Vitimas;Plena noite
416326;15/08/2008;Sexta;06:15:00;RJ;101;325.0;NITEROI;Falta de atencao;Colisao Transversal;Sem Vitimas;Amanhecer
416340;19/08/2008;Terca;17:05:00;RJ;101;330.0;NITEROI;Outras;Colisao traseira;Sem Vitimas;Pleno dia
416365;23/08/2008;Sabado;09:15:00;RJ;101;321.0;NITEROI;Outras;Colisao traseira;Sem Vitimas;Pleno dia
416389;23/08/2008;Sabado;11:00:00;RJ;101;322.0;NITEROI;Outras;Colisao traseira;Sem Vitimas;Pleno dia
416408;19/08/2008;Terca;11:10:00;RJ;101;328.0;RIO DE JANEIRO;Outras;Colisao com objeto fixo;Sem Vitimas;Pleno dia
416525;19/08/2008;Terca;07:50:00;RJ;101;306.0;SAO GONCALO;Outras;Colisao lateral;Sem Vitimas;Pleno dia
416530;19/08/2008;Terca;17:30:00;RJ;101;321.0;NITEROI;Outras;Colisao traseira;Sem Vitimas;Anoitecer
416540;23/08/2008;Sabado;09:30:00;RJ;101;322.0;NITEROI;Defeito mecanico em veiculo;Colisao com objeto fixo;Com Vitimas Feridas;Pleno dia
416569;23/08/2008;Sabado;09:00:00;RJ;101;322.0;NITEROI;Outras;Danos Eventuais;Com Vitimas Feridas;Pleno dia
416581;23/08/2008;Sabado;08:05:00;RJ;101;322.0;NITEROI;Defeito mecanico em veiculo;Colisao traseira;Sem Vitimas;Pleno dia
416755;16/08/2008;Sabado;10:00:00;RJ;101;322.0;NITEROI;Outras;Colisao traseira;Sem Vitimas;Pleno dia
416784;16/08/2008;Sabado;18:40:00;RJ;101;321.0;NITEROI;Outras;Colisao traseira;Sem Vitimas;Anoitecer
416869;16/08/2008;Sabado;19:00:00;RJ;101;321.0;NITEROI;Outras;Colisao traseira;Sem Vitimas;Plena noite
416928;25/08/2008;Segunda;01:40:00;RJ;101;331.0;RIO DE JANEIRO;Dormindo;Colisao com objeto fixo;Sem Vitimas;Plena noite
416981;17/08/2008;Domingo;06:40:00;RJ;101;322.0;NITEROI;Outras;Colisao traseira;Sem Vitimas;Pleno dia
417214;25/08/2008;Segunda;15:00:00;RJ;101;320.0;NITEROI;Outras;Colisao traseira;Sem Vitimas;Pleno dia
417218;29/07/2008;Terca;07:00:00;RJ;101;328.0;RIO DE JANEIRO;Outras;Capotamento;Com Vitimas Feridas;Pleno dia
417601;26/08/2008;Terca;17:30:00;RJ;101;323.0;NITEROI;Outras;Colisao traseira;Sem Vitimas;Anoitecer
417606;25/08/2008;Segunda;18:00:00;RJ;101;323.0;NITEROI;Falta de atencao;Colisao traseira;Sem Vitimas;Anoitecer
417752;23/08/2008;Sabado;22:30:00;RJ;101;317.0;SAO GONCALO;Outras;Saida de Pista;Sem Vitimas;Plena noite
417929;27/08/2008;Quarta;09:25:00;RJ;101;330.0;NITEROI;Outras;Colisao traseira;Com Vitimas Feridas;Pleno dia
417938;27/08/2008;Quarta;10:00:00;RJ;101;333.0;RIO DE JANEIRO;Outras;Queda de motocicleta / bicicleta / veiculo;Com Vitimas Fatais;Pleno dia
418012;27/08/2008;Quarta;18:30:00;RJ;101;325.0;NITEROI;Outras;Colisao traseira;Sem Vitimas;Plena noite
418017;20/08/2008;Quarta;00:45:00;RJ;101;302.0;SAO GONCALO;Outras;Capotamento;Com Vitimas Feridas;Plena noite
418023;23/08/2008;Sabado;23:00:00;RJ;101;318.5;SAO GONCALO;Outras;Saida de Pista;Sem Vitimas;Plena noite
418031;23/08/2008;Sabado;16:30:00;RJ;101;311.0;SAO GONCALO;Outras;Saida de Pista;Sem Vitimas;Pleno dia
418036;27/08/2008;Quarta;19:00:00;RJ;101;334.0;RIO DE JANEIRO;Outras;Colisao traseira;Sem Vitimas;Plena noite
418306;28/08/2008;Quinta;12:40:00;RJ;101;305.0;SAO GONCALO;Outras;Saida de Pista;Com Vitimas Feridas;Pleno dia
418753;29/08/2008;Sexta;18:44:00;RJ;101;330.0;RIO DE JANEIRO;Outras;Colisao traseira;Sem Vitimas;Plena noite
418792;29/08/2008;Sexta;21:40:00;RJ;101;322.0;NITEROI;Outras;Colisao traseira;Sem Vitimas;Plena noite
418817;29/08/2008;Sexta;22:00:00;RJ;101;334.0;RIO DE JANEIRO;Outras;Colisao lateral;Sem Vitimas;Plena noite
419346;31/08/2008;Domingo;07:15:00;RJ;101;334.0;RIO DE JANEIRO;Outras;Colisao com objeto fixo;Com Vitimas Feridas;Pleno dia
419356;21/08/2008;Quinta;12:20:00;RJ;101;321.0;NITEROI;Outras;Colisao lateral;Com Vitimas Feridas;Pleno dia
419665;28/08/2008;Quinta;16:34:00;RJ;101;332.0;RIO DE JANEIRO;Falta de atencao;Colisao traseira;Sem Vitimas;Pleno dia
419749;28/08/2008;Quinta;21:30:00;RJ;101;320.0;NITEROI;Outras;Atropelamento de pessoa;Com Vitimas Feridas;Plena noite
419750;31/08/2008;Domingo;04:50:00;RJ;101;316.5;SAO GONCALO;Outras;Colisao com objeto fixo;Com Vitimas Feridas;Plena noite
419783;28/08/2008;Quinta;16:00:00;RJ;101;327.0;RIO DE JANEIRO;Falta de atencao;Colisao traseira;Sem Vitimas;Pleno dia
419905;26/08/2008;Terca;23:30:00;RJ;101;321.0;NITEROI;Outras;Colisao lateral;Sem Vitimas;Plena noite
420230;02/09/2008;Terca;08:30:00;RJ;101;329.0;RIO DE JANEIRO;Falta de atencao;Colisao traseira;Sem Vitimas;Pleno dia
420247;02/09/2008;Terca;08:40:00;RJ;101;322.0;NITEROI;Falta de atencao;Colisao traseira;Sem Vitimas;Pleno dia
420282;25/08/2008;Segunda;16:30:00;RJ;101;322.0;NITEROI;Outras;Colisao com objeto movel;Sem Vitimas;Pleno dia
420637;03/09/2008;Quarta;17:40:00;RJ;101;322.0;NITEROI;Outras;Colisao traseira;Sem Vitimas;Pleno dia
420652;03/09/2008;Quarta;16:15:00;RJ;101;299.0;SAO GONCALO;Outras;Colisao Transversal;Sem Vitimas;Pleno dia
420850;27/08/2008;Quarta;06:25:00;RJ;101;311.0;SAO GONCALO;Outras;Atropelamento de animal;Sem Vitimas;Pleno dia
420866;04/09/2008;Quinta;07:05:00;RJ;101;323.0;NITEROI;Outras;Colisao traseira;Sem Vitimas;Pleno dia
421150;01/09/2008;Segunda;07:00:00;RJ;101;323.0;NITEROI;Outras;Colisao lateral;Sem Vitimas;Pleno dia
421219;05/09/2008;Sexta;09:41:00;RJ;101;330.0;RIO DE JANEIRO;Outras;Capotamento;Com Vitimas Feridas;Pleno dia
421298;01/09/2008;Segunda;15:00:00;RJ;101;330.0;RIO DE JANEIRO;Outras;Colisao traseira;Sem Vitimas;Pleno dia
421314;01/09/2008;Segunda;08:30:00;RJ;101;321.0;NITEROI;Outras;Colisao traseira;Sem Vitimas;Pleno dia
421376;05/09/2008;Sexta;18:00:00;RJ;101;307.0;SAO GONCALO;Outras;Colisao traseira;Sem Vitimas;Plena noite
421382;05/09/2008;Sexta;18:00:00;RJ;101;307.0;SAO GONCALO;Outras;Colisao traseira;Sem Vitimas;Anoitecer
421388;01/09/2008;Segunda;17:30:00;RJ;101;327.0;NITEROI;Outras;Colisao traseira;Sem Vitimas;Pleno dia
421467;05/09/2008;Sexta;21:04:00;RJ;101;334.0;RIO DE JANEIRO;Outras;Colisao lateral;Sem Vitimas;Plena noite
421597;02/09/2008;Terca;17:10:00;RJ;101;321.0;NITEROI;Outras;Colisao lateral;Sem Vitimas;Pleno dia
421728;06/09/2008;Sabado;12:56:00;RJ;101;330.0;RIO DE JANEIRO;Outras;Capotamento;Sem Vitimas;Pleno dia
421842;06/09/2008;Sabado;10:20:00;RJ;101;324.0;NITEROI;Falta de atencao;Colisao traseira;Com Vitimas Feridas;Pleno dia
421849;06/09/2008;Sabado;10:30:00;RJ;101;328.0;NITEROI;Falta de atencao;Colisao traseira;Sem Vitimas;Pleno dia
421863;03/09/2008;Quarta;06:17:00;RJ;101;316.0;SAO GONCALO;Outras;Colisao traseira;Sem Vitimas;Pleno dia
422141;07/09/2008;Domingo;15:40:00;RJ;101;316.0;SAO GONCALO;Outras;Saida de Pista;Sem Vitimas;Pleno dia
422248;06/09/2008;Sabado;12:15:00;RJ;101;327.0;NITEROI;Falta de atencao;Colisao traseira;Sem Vitimas;Pleno dia
422277;07/09/2008;Domingo;00:20:00;RJ;101;324.0;NITEROI;Outras;Colisao lateral;Sem Vitimas;Plena noite
422287;07/09/2008;Domingo;06:10:00;RJ;101;323.0;NITEROI;Ingestao de alcool;Colisao com objeto fixo;Com Vitimas Feridas;Pleno dia
422364;07/09/2008;Domingo;23:57:00;RJ;101;320.0;NITEROI;Outras;Colisao lateral;Sem Vitimas;Plena noite
422417;04/09/2008;Quinta;15:45:00;RJ;101;329.0;RIO DE JANEIRO;Outras;Colisao traseira;Sem Vitimas;Pleno dia
422649;03/09/2008;Quarta;07:00:00;RJ;101;329.0;RIO DE JANEIRO;Falta de atencao;Colisao traseira;Sem Vitimas;Pleno dia
422733;02/09/2008;Terca;23:30:00;RJ;101;316.0;SAO GONCALO;Outras;Colisao com objeto fixo;Com Vitimas Feridas;Plena noite
422905;09/09/2008;Terca;07:10:00;RJ;101;306.0;SAO GONCALO;Outras;Colisao lateral;Sem Vitimas;Pleno dia
422934;01/09/2008;Segunda;17:00:00;RJ;101;326.0;NITEROI;Nao guardar distancia de seguranca;Colisao lateral;Sem Vitimas;Pleno dia
423057;06/09/2008;Sabado;05:30:00;RJ;101;316.0;SAO GONCALO;Outras;Colisao traseira;Com Vitimas Feridas;Amanhecer
423105;05/09/2008;Sexta;19:00:00;RJ;101;320.0;NITEROI;Outras;Colisao traseira;Sem Vitimas;Plena noite
423185;09/09/2008;Terca;13:15:00;RJ;101;309.0;SAO GONCALO;Falta de atencao;Colisao traseira;Sem Vitimas;Pleno dia
423281;03/09/2008;Quarta;01:30:00;RJ;101;321.0;NITEROI;Outras;Colisao lateral;Sem Vitimas;Plena noite
423376;07/09/2008;Domingo;07:06:00;RJ;101;326.0;NITEROI;Outras;Colisao traseira;Sem Vitimas;Pleno dia
423418;10/09/2008;Quarta;13:10:00;RJ;101;305.0;SAO GONCALO;Outras;Colisao traseira;Sem Vitimas;Pleno dia
423551;10/09/2008;Quarta;16:40:00;RJ;101;328.0;NITEROI;Outras;Colisao traseira;Sem Vitimas;Pleno dia
423557;06/09/2008;Sabado;12:50:00;RJ;101;322.0;NITEROI;Dormindo;Colisao lateral;Sem Vitimas;Pleno dia
423635;04/09/2008;Quinta;01:20:00;RJ;101;321.0;NITEROI;Outras;Colisao com objeto fixo;Sem Vitimas;Plena noite
423827;07/09/2008;Domingo;22:01:00;RJ;101;307.0;SAO GONCALO;Outras;Colisao lateral;Sem Vitimas;Plena noite
423827;07/09/2008;Domingo;22:01:00;RJ;101;307.0;SAO GONCALO;Outras;Colisao lateral;Sem Vitimas;Plena noite
423880;10/09/2008;Quarta;19:00:00;RJ;101;314.0;SAO GONCALO;Outras;Atropelamento de pessoa;Com Vitimas Feridas;Plena noite
423909;05/09/2008;Sexta;13:27:00;RJ;101;334.0;RIO DE JANEIRO;Outras;Colisao traseira;Sem Vitimas;Pleno dia
423948;11/09/2008;Quinta;15:00:00;RJ;101;324.0;NITEROI;Falta de atencao;Colisao traseira;Sem Vitimas;Pleno dia
423959;07/09/2008;Domingo;18:45:00;RJ;101;306.0;SAO GONCALO;Outras;Colisao traseira;Sem Vitimas;Plena noite
424221;09/09/2008;Terca;05:00:00;RJ;101;322.0;NITEROI;Outras;Colisao com objeto fixo;Sem Vitimas;Amanhecer
424282;07/08/2008;Quinta;12:50:00;RJ;101;331.0;RIO DE JANEIRO;Outras;Capotamento;Com Vitimas Feridas;Pleno dia
424362;05/09/2008;Sexta;15:40:00;RJ;101;322.0;NITEROI;Outras;Colisao traseira;Sem Vitimas;Pleno dia
424372;05/09/2008;Sexta;20:00:00;RJ;101;334.0;RIO DE JANEIRO;Outras;Colisao lateral;Sem Vitimas;Plena noite
424390;12/09/2008;Sexta;09:40:00;RJ;101;334.0;RIO DE JANEIRO;Outras;Colisao lateral;Sem Vitimas;Pleno dia
424416;12/09/2008;Sexta;11:45:00;RJ;101;333.0;RIO DE JANEIRO;Outras;Colisao lateral;Sem Vitimas;Pleno dia
424666;09/09/2008;Terca;13:55:00;RJ;101;323.0;NITEROI;Defeito mecanico em veiculo;Colisao com objeto movel;Sem Vitimas;Pleno dia
424770;13/09/2008;Sabado;17:50:00;RJ;101;319.0;NITEROI;Outras;Colisao traseira;Sem Vitimas;Anoitecer
424799;09/09/2008;Terca;15:27:00;RJ;101;323.0;NITEROI;Falta de atencao;Colisao traseira;Com Vitimas Feridas;Pleno dia
424821;13/09/2008;Sabado;18:20:00;RJ;101;320.0;NITEROI;Outras;Colisao lateral;Sem Vitimas;Anoitecer
424849;06/09/2008;Sabado;05:45:00;RJ;101;333.0;RIO DE JANEIRO;Outras;Colisao lateral;Com Vitimas Feridas;Pleno dia
424853;13/09/2008;Sabado;18:30:00;RJ;101;322.0;NITEROI;Defeito mecanico em veiculo;Colisao traseira;Sem Vitimas;Anoitecer
424952;12/09/2008;Sexta;19:00:00;RJ;101;334.0;RIO DE JANEIRO;Outras;Colisao lateral;Sem Vitimas;Plena noite
424994;11/09/2008;Quinta;04:20:00;RJ;101;329.0;RIO DE JANEIRO;Defeito mecanico em veiculo;Capotamento;Sem Vitimas;Plena noite
425034;10/09/2008;Quarta;11:50:00;RJ;101;322.0;NITEROI;Nao guardar distancia de seguranca;Colisao traseira;Sem Vitimas;Pleno dia
425068;10/09/2008;Quarta;18:50:00;RJ;101;305.0;SAO GONCALO;Outras;Atropelamento de pessoa;Com Vitimas Feridas;Plena noite
425172;14/09/2008;Domingo;21:30:00;RJ;101;321.0;NITEROI;Falta de atencao;Colisao traseira;Com Vitimas Feridas;Plena noite
425520;14/09/2008;Domingo;13:00:00;RJ;101;304.0;SAO GONCALO;Outras;Saida de Pista;Com Vitimas Feridas;Pleno dia
425662;15/09/2008;Segunda;06:15:00;RJ;101;310.0;SAO GONCALO;Animais na Pista;Atropelamento de animal;Sem Vitimas;Anoitecer
425821;12/09/2008;Sexta;18:10:00;RJ;101;320.0;NITEROI;Outras;Colisao traseira;Sem Vitimas;Plena noite
425824;14/09/2008;Domingo;20:00:00;RJ;101;314.0;SAO GONCALO;Falta de atencao;Colisao lateral;Sem Vitimas;Plena noite
425831;12/09/2008;Sexta;18:30:00;RJ;101;322.0;NITEROI;Outras;Colisao traseira;Sem Vitimas;Plena noite
425842;14/09/2008;Domingo;23:30:00;RJ;101;323.0;NITEROI;Falta de atencao;Colisao traseira;Sem Vitimas;Plena noite
425900;30/08/2008;Sabado;17:30:00;RJ;101;312.0;SAO GONCALO;Outras;Saida de Pista;Sem Vitimas;Pleno dia
425913;08/09/2008;Segunda;17:05:00;RJ;101;322.0;NITEROI;Outras;Colisao lateral;Sem Vitimas;Pleno dia
425938;15/09/2008;Segunda;06:50:00;RJ;101;321.0;NITEROI;Falta de atencao;Colisao traseira;Sem Vitimas;Pleno dia
425954;12/09/2008;Sexta;16:40:00;RJ;101;329.0;RIO DE JANEIRO;Outras;Colisao traseira;Sem Vitimas;Pleno dia
425968;16/09/2008;Terca;16:00:00;RJ;101;323.0;NITEROI;Falta de atencao;Colisao traseira;Sem Vitimas;Pleno dia